tag,count
GGGGGGGGGGGGGGGGGGGGGGGGGGGGGGGGGGGGGGGGGGGGGGGGGGGGGGGGGGGGGGGGGGGGGGGGGGGGGGGGGGGGGGGGGGGGGGGGGGGGGGGGGGGGGGGGGGGGGGGGGGGGGGGGGGGGGGGGGGGGGGGGGGGGGG,317191
AAAAAAAAAAAAAAAAAAAAAAAAAAAAAAAAAAAAAAAAAAAAAAAAAAAAAAAAAAAAAAAAAAAAAAAAAAAAAAAAAAAAAAAAAAAAAAAAAAAAAAAAAAAAAAAAAAAAAAAAAAAAAAAAAAAAAAAAAAAAAAAAAAAAAA,664
AAGCAGTGGTATCAACGCAGAGTACATGGGGCTTTTACCTCGTTGCACTGCTGAGAGCAAGATGGGTCACCAGCAGCTGTACTGGAGCCACCCGCGAAAATTCGGCCAGGGTTCTCGCTCTTGTCGTGTCTGTTCAAACCGGCACGGT,609
GGGGGGGGGGGGGGGGGGGGGGGGGGGGGGGGGGGGGGGGGGGGGGGGGGGGGGGGGGGGGGGGGGGGGGGGGGGGGGGGGGGGGGGGGGGGGGGGGGGGGGGGGGGGGGGGGGGGGGGGGGGGGGGGGGGGGGNGGGGGGGGGGGGGGG,375
AAGCAGTGGTATCAACGCAGAGTACATGGGCTTTTACCTCGTTGCACTGCTGAGAGCAAGATGGGTCACCAGCAGCTGTACTGGAGCCACCCGCGAAAATTCGGCCAGGGTTCTCGCTCTTGTCGTGTCTGTTCAAACCGGCACGGT,285
AAGCAGTGGTATCAACGCAGAGTACATGGGATAAACTTCGCCTTAATTTTAATAATCAACACCCTCCTAGCCTTACTACTAATAATTATTACATTTTGACTACCACAACTCAACGGCTACATAGAAAAATCCACCCCTTACGAGTGCGG,237
AAGCAGTGGTATCAACGCAGAGTACATGGGGCTCTCCGCCAGACCGCCGCCGCGCCGCCATCATGGACACCAGCCGTGTGCAGCCTATCAAGCTGGCCAGGGTCACCAAGGTCCTGGGCAGGACCGGTTCTCAGGGACAGTGCACGCAGG,214
AAGCAGTGGTATCAACGCAGAGTACATGGGAGGCATTGAGGCAGCCAGCGCAGGGGCTTCTGCTGAGGGGGCAGGCGGAGCTTGAGGAAACCGCAGATAAGTTTTTTTCTCTTTGAAAGATAGAGATTAATACAACTACTTAAAAAATAT,207
AAGCAGTGGTATCAACGCAGAGTACATGGGGCCTTTCCGGCGGTGACGACCTACGCACACGAGAACATGCCTCTCGCAAAGGATCTCCTTCATCCCTCTCCAGAAGAGGAGAAGAGGAAACACAAGAAGAAACGCCTGGTGCAGAGCCC,205
AAGCAGTGGTATCAACGCAGAGTACATGGGGAGGCATTGAGGCAGCCAGCGCAGGGGCTTCTGCTGAGGGGGCAGGCGGAGCTTGAGGAAACCGCAGATAAGTTTTTTTCTCTTTGAAAGATAGAGATTAATACAACTACTTAAAAAATA,181
AAGCAGTGGTATCAACGCAGAGTACATGGGGCTCTCGGCCTTAGCGCCATTTTTTTGGAAACCTCTGCGCCATGAGAGCCAAGTGGAGGAAGAAGCGAATGCGCAGGCTGAAGCGCAAAAGAAGAAAGATGAGGCAGAGGTCCAAGTAAA,175
AAGCAGTGGTATCAACGCAGAGTACATGGGAAGATAAAATTTGAAATCTGGTTAGGCTGGTGTTAGGGTTCTTTGTTTTTGGGGTTTGGCAGAGATGTGTTTAAGTGCTGTGGCCAGAAGCGGGGGGAGGGGGGGGTTTGGTGGAAATTT,161
AAGCAGTGGTATCAACGCAGAGTACATGGGGCTTTCTCTCTCGCGCGCGGTGTGGTGGCAGCAGGCGCAGCCCAGCCTCGAAATGCAGAACGACGCCGGCGAGTTCGTGGACCTGTACGTGCCGCGGAAATGCTCCGCTAGCAATCGCAT,152
AAGCAGTGGTATCAACGCAGAGTACATGGGGCTTTCTGGTCTCGGCCGCAGAAGCGAGATGACGAAGGGAACGTCATCGTTTGGAAAGCGTCGCAATAAGACGCACACGTTGTGCCGCCGCTGTGGCTCTAAGGCCTACCACCTTCAGAA,143
GGGGGGGGGGGGGGGGGGGGGGGGGGGGGGGGGGGGGGGGGGGGGGGGGGGGGGGGGGGGGGGGGGGGGGGGGGGGGGGGGTGGGGGGGGGGGGGGGGGGGGGGGGGGGGGGGGGGGGGGGGGGGGGGGGGGGGGGGGGGGGGGGGGGGG,138
AAGCAGTGGTATCAACGCAGAGTACATGGGCCTTTCCGGCGGTGACGACCTACGCACACGAGAACATGCCTCTCGCAAAGGATCTCCTTCATCCCTCTCCAGAAGAGGAGAAGAGGAAACACAAGAAGAAACGCCTGGTGCAGAGCCCCA,138
AAGCAGTGGTATCAACGCAGAGTACATGGGCAGCACAAATGTATGAACAGGAAAAAAAAAAATCACATGTACAATAATTTTTTAAAAGTGAAGGTTAATCTTGGGAGATAACAGTTCCCCTCTCCCTCCCCCTGCAGATTTCCAGCGTTT,137
AAGCAGTGGTATCAACGCAGAGTACATGGGACACAGGATCCGGAGCTGGTGCTGATAACAGCGGAATCCCCCGTCTACCTCTCTCCTTGGTCCTGGAACAGCGCTACTGATCACCAAGTAGCCACAAAATATAATAAACCCTCAGCACTT,135
GGGGGGGGGGGGGGGGGGGGGGGGGGGGGGGGGGGGGGGGGGGGGGGGGGGGGGGGGGGGGGGGGGGGGGGGGGGGGGGGGGGGGGGGGGGGGGGGGGGGGGGGGGTGGGGGGGGGGGGGGGGGGGGGGGGGGGGGGGGGGGGGGGGGGG,134
AAGCAGTGGTATCAACGCAGAGTACATGGGGCTCTTCCTTTCTCCGCCATCGTGGTGTGTTCTTGACTCCGCTGCTCGCCATGTCTTCTCACAAGACTTTCAGGATTAAGCGATTCCTGGCCAAGAAACAAAAGCAAAATCGTCCCATT,131
AGTAAAAAAAAAAAAAAAAAAAAAAAAAAAAAAAAAAAAAAAAAAAAAAAAAAAAAAAAAAAAAAAAAAAAAAAAAAAAAAAAAAAAAAAAAAAAAAAAAAAAAAAAAAAAAAAAAAAAAAAAAAAAAAAAAAAAAAAAAAAAAAAAAAA,130
AAGCAGTGGTATCAACGCAGAGTACATGGGGCTTTCCGGCGGTGACGACCTACGCACACGAGAACATGCCTCTCGCAAAGGATCTCCTTCATCCCTCTCCAGAAGAGGAGAAGAGGAAACACAAGAAGAAACGCCTGGTGCAGAGCCCCA,126
NGGGGGGGGGGGGGGGGGGGGGGGGGGGGGGGGGGGGGGGGGGGGGGGGGGGGGGGGGGGGGGGGGGGGGGGGGGGGGGGGGGGGGGGGGGGGGGGGGGGGGGGGGGGGGGGGGGGGGGGGGGGGGGGGGGGGGGGGGGGGGGGGGGGGG,125
GGGGGGGGGGGGGGGGGGGGGGGGGGGGGGGGGGGGGGGGGGGGGGGGGGGGGGGGGGGGGGGGGGGGGGGGGGGGGTGGGGGGGGGGGGGGGGGGGGGGGGGGGGGGGGGGGGGGGGGGGGGGGGGGGGGGGGGGGGGGGGGGGGGGGG,111
AAGCAGTGGTATCAACGCAGAGTACATGGGGACTGCGATAGGAATCATGTCTGGTCGCGGCAAAGGCGGAAAAGGCTTGGGGAAGGGTGGTGCTAAGCGCCATCGTAAGGTGCTCCGGGATAACATCCAGGGCATTACAAAACCGGCTAT,111
AAGCAGTGGTATCAACGCAGAGTACATGGGGCTTTCTGGGCTCGGACCTAGGTCGCGGCGACATGGCCAAACGTACCAAGAAAGTCGGGATCGTCGGTAAATACGGGACCCGCTATGGGGCCTCCCTCCGGAAAATGGTGAAGAAAATTG,111
GGGGGGGGGGGGGGGGGGGGGGGGGGGGGGGGGGGGGGGGGGGGGGGGGGGGGGGGGGGGGGGGGGGGGGGGTGGGGGGGGGGGGGGGGGGGGGGGGGGGGGGGGGGGGGGGGGGGGGGGGGGGGGGGGGGGGGGGGGGGGGGGGGGGGG,105
AAGCAGTGGTATCAACGCAGAGTACATGGGGCCTTTTACCTCGTTGCACTGCTGAGAGCAAGATGGGTCACCAGCAGCTGTACTGGAGCCACCCGCGAAAATTCGGCCAGGGTTCTCGCTCTTGTCGTGTCTGTTCAAACCGGCACGGT,102
GGGGGGGGGGGGGGGGGGGGGGGGGGGGGGGGGGGGGGGGGGGGGGGGGGGGGGGGGGGGGGGGGGGGGGGGGGGGTGGGGGGGGGGGGGGGGGGGGGGGGGGGGGGGGGGGGGGGGGGGGGGGGGGGGGGGGGGGGGGGGGGGGGGGGG,102
GGGGGGGGGGGGGGGGGGGGGGGGGGGGGGGGGGGGGGGGGGGGGGGGGGGGGGGGGGGGGGGGGGGGGGGGGTGGGGGGGGGGGGGGGGGGGGGGGGGGGGGGGGGGGGGGGGGGGGGGGGGGGGGGGGGGGGGGGGGGGGGGGGGGGG,98
GGGGGGGGGGGGGGGGGGGGGGGGGGGGGGGGGGGGGGGGGGGGGGGGGGGGGGGGGGGGGGGGGGGGGGGGGGGGGGGGGGGGTGGGGGGGGGGGGGGGGGGGGGGGGGGGGGGGGGGGGGGGGGGGGGGGGGGGGGGGGGGGGGGGGG,96
GGGGGGGGGGGGGGGGGGGGGGGGGGGGGGGGGGGGGGGGGGGGGGGGGGGGGGGGGGGGGGGGGGGGGGGGGGGGGGGGGGGGGGGGGGGGGGGGGGGGGGGGGGGGGTGGGGGGGGGGGGGGGGGGGGGGGGGGGGGGGGGGGGGGGG,95
GGGGGGGGGGGGGGGGGGGGGGGGGGGGGGGGGGGGGGGGGGGGGGGGGGGGGGGGGGGGGGGGGGGGGGGGGGGGGGGGGAGGGGGGGGGGGGGGGGGGGGGGGGGGGGGGGGGGGGGGGGGGGGGGGGGGGGGGGGGGGGGGGGGGGG,92
TTTTTTTAAAAAAAAAAAAAAAAAAAAAAAAAAAAAAAAAAAAAAAAAAAAAAAAAAAAAAAAAAAAAAAAAAAAAAAAAAAAAAAAAAAAAAAAAAAAAAAAAAAAAAAAAAAAAAAAAAAAAAAAAAAAAAAAAAAAAAAAAAAAAAA,90
AAGCAGTGGTATCAACGCAGAGTACATGGGACTGCGATAGGAATCATGTCTGGTCGCGGCAAAGGCGGAAAAGGCTTGGGGAAGGGTGGTGCTAAGCGCCATCGTAAGGTGCTCCGGGATAACATCCAGGGCATTACAAAACCGGCTATT,90
GGGGAAAAAAAAAAAAAAAAAAAAAAAAAAAAAAAAAAAAAAAAAAAAAAAAAAAAAAAAAAAAAAAAAAAAAAAAAAAAAAAAAAAAAAAAAAAAAAAAAAAAAAAAAAAAAAAAAAAAAAAAAAAAAAAAAAAAAAAAAAAAAAAAAA,89
GGGGGGGGGGGGGGGGGGGGGGGGGGGGGGGGGGGGGGGGGGGGGGGGGGGGGGGGGGGGGGGGGGGGGGGGGGGGAGGGGGGGGGGGGGGGGGGGGGGGGGGGGGGGGGGGGGGGGGGGGGGGGGGGGGGGGGGGGGGGGGGGGGGGGG,89
GGGGGGGGGGGGGGGGGGAAAAAAAAAAAAAAAAAAAAAAAAAAAAAAAAAAAAAAAAAAAAAAAAAAAAAAAAAAAAAAAAAAAAAAAAAAAAAAAAAAAAAAAAAAAAAAAAAAAAAAAAAAAAAAAAAAAAAAAAAAAAAAAAAAAA,88
GGGGGGGGGGGGGGGGGGGGGGGGGGGGGGGGGGGGGGGGGGGGGGGGGGGGGGGGGGGGGGGGGGGGGGGGGGGGGGGGGGTGGGGGGGGGGGGGGGGGGGGGGGGGGGGGGGGGGGGGGGGGGGGGGGGGGGGGGGGGGGGGGGGGGG,87
GGGGGGGGGGGGGGGGGGGGGGGGGGGGGGGGGGGGGGGGGGGGGGGGGGGGGGGGGGGGGGGGGGGGGGGGGGGGGGGGGGGGGGGGGGGGGGGGGGGGGGGGGGGGGGGGGGGGGGGGGGGGGGGGGGGGGGAGGGGGGGGGGGGGGG,87
GGGAAAAAAAAAAAAAAAAAAAAAAAAAAAAAAAAAAAAAAAAAAAAAAAAAAAAAAAAAAAAAAAAAAAAAAAAAAAAAAAAAAAAAAAAAAAAAAAAAAAAAAAAAAAAAAAAAAAAAAAAAAAAAAAAAAAAAAAAAAAAAAAAAAA,86
AAGCAGTGGTATCAACGCAGAGTACATGGGGCTCTTTCCGTCTCAGGTCGCCGCTGCGAAGGGAGCCGCCGCCATGTCTGCGCATCTGCAATGGATGGTCGTGCGGAACTGCTCCAGTTTCCTGATCAAGAGGAATAAGCAGACCTACAG,85
GGGGGGGGGGGGGGGGGGGGGGGGGGGGGGGGGGGGGGGGGGGGGGGGGGGGGGGGGGGGGGGGGGGGGGGGGGTGGGGGGGGGGGGGGGGGGGGGGGGGGGGGGGGGGGGGGGGGGGGGGGGGGGGGGGGGGGGGGGGGGGGGGGGGGG,83
AGGTAAAAAAAAAAAAAAAAAAAAAAAAAAAAAAAAAAAAAAAAAAAAAAAAAAAAAAAAAAAAAAAAAAAAAAAAAAAAAAAAAAAAAAAAAAAAAAAAAAAAAAAAAAAAAAAAAAAAAAAAAAAAAAAAAAAAAAAAAAAAAAAAAA,83
GGGGGGGGGGGGGGGGGGGGGGGGGGGGGGGGGGGGGGGGGGGGGGGGGGGGGGGGGGGGGGGGGGGGGGGGGGGGGGGTGGGGGGGGGGGGGGGGGGGGGGGGGGGGGGGGGGGGGGGGGGGGGGGGGGGGGGGGGGGGGGGGGGGGGG,82
GGGGGGGGGGGGGGGGGGGAAAAAAAAAAAAAAAAAAAAAAAAAAAAAAAAAAAAAAAAAAAAAAAAAAAAAAAAAAAAAAAAAAAAAAAAAAAAAAAAAAAAAAAAAAAAAAAAAAAAAAAAAAAAAAAAAAAAAAAAAAAAAAAAAAA,82
GTAAAAAAAAAAAAAAAAAAAAAAAAAAAAAAAAAAAAAAAAAAAAAAAAAAAAAAAAAAAAAAAAAAAAAAAAAAAAAAAAAAAAAAAAAAAAAAAAAAAAAAAAAAAAAAAAAAAAAAAAAAAAAAAAAAAAAAAAAAAAAAAAAAAA,82
AAGCAGTGGTATCAACGCAGAGTACATGGGGCTCTTCCGGGGACGTTGTCTGCAGGCACTCAGAATGGTCCAGCGTTTGACATACCGACGTAGGCTTTCCTACAATACAGCCTCTAACAAAACTAGGCTGTCCCGAACCCCTGGTAATAG,82
GGGGGGGGGGGGGGGGGGGGGGGGGGGGGGGGGGGGGGGGGGGGGGGGGGGGGGGGGGGGGGGGGGGGGTGGGGGGGGGGGGGGGGGGGGGGGGGGGGGGGGGGGGGGGGGGGGGGGGGGGGGGGGGGGGGGGGGGGGGGGGGGGGGGGG,81
AAGCAGTGGTATCAACGCAGAGTACATGGGGCCCTTTCCCCTGGCTGGCAGCGCGGAGGCCGCACGATGCCTGGAGTTACTGTAAAAGACGTGAACCAGCAGGAGTTCGTCAGAGCTCTGGCAGCCTTCCTCAAAAAGTCCGGGAAG,80
AAGCAGTGGTATCAACGCAGAGTACATGGGGACCACGCCTCCTCCAAGTCCCAGCGAACCCGCGTGCAACCTGTCCCGACTCTAGCCGCCTCTTCAGCTCGCCATGGATCCCAACTGCTCCTGCGCCGCCGGTGACTCCTGCACCTGCG,80
TTAAAAAAAAAAAAAAAAAAAAAAAAAAAAAAAAAAAAAAAAAAAAAAAAAAAAAAAAAAAAAAAAAAAAAAAAAAAAAAAAAAAAAAAAAAAAAAAAAAAAAAAAAAAAAAAAAAAAAAAAAAAAAAAAAAAAAAAAAAAAAAAAAAAA,80
AAGCAGTGGTATCAACGCAGAGTACATGGGCTTTCTCTCTCGCGCGCGGTGTGGTGGCAGCAGGCGCAGCCCAGCCTCGAAATGCAGAACGACGCCGGCGAGTTCGTGGACCTGTACGTGCCGCGGAAATGCTCCGCTAGCAATCGCAT,79
GGGGGGGGAAAAAAAAAAAAAAAAAAAAAAAAAAAAAAAAAAAAAAAAAAAAAAAAAAAAAAAAAAAAAAAAAAAAAAAAAAAAAAAAAAAAAAAAAAAAAAAAAAAAAAAAAAAAAAAAAAAAAAAAAAAAAAAAAAAAAAAAAAAAAA,79
AAGCAGTGGTATCAACGCAGAGTACATGGGGCCTTTCGGCCGGAACCGCCATCTTCCAGTAATTCGCCAAAATGACGAACACAAAGGGAAAGAGGAGAGGCACCCGATATATGTTCTCTAGGCCTTTTAGAAAACATGGAGTTGTTCCTT,77
GGGGGGGGGGGGGGGGGGGGGGGGGGGGGGGGGGGGGGGGGGGGGGGGGGGGGGGGGGGTGGGGGGGGGGGGGGGGGGGGGGGGGGGGGGGGGGGGGGGGGGGGGGGGGGGGGGGGGGGGGGGGGGGGGGGGGGGGGGGGGGGGGGGGGG,77
GGGGGGGGGGGGGGGGGGGGGGGGGGGGGGGGGGGGGGGGGGGGGGGGGGGGGGGGGGGGGGGGGGGGGGGGGGGGGGGGGGGAGGGGGGGGGGGGGGGGGGGGGGGGGGGGGGGGGGGGGGGGGGGGGGGGGGGGGGGGGGGGGGGGGG,77
GGGGGGGGGGGGGGGGAAAAAAAAAAAAAAAAAAAAAAAAAAAAAAAAAAAAAAAAAAAAAAAAAAAAAAAAAAAAAAAAAAAAAAAAAAAAAAAAAAAAAAAAAAAAAAAAAAAAAAAAAAAAAAAAAAAAAAAAAAAAAAAAAAAAAA,76
GGGGGGGGGGGGGGGGGGGGGGGGGGGGGGGGGGGGGGGGGGGGGGGGGGGGGGGGTGGGGGGGGGGGGGGGGGGGGGGGGGGGGGGGGGGGGGGGGGGGGGGGGGGGGGGGGGGGGGGGGGGGGGGGGGGGGGGGGGGGGGGGGGGGGG,76
GGGGGGGGGGGGGGGGGGGGGGGGGGGGGGGGGGGGGGGGGGGGGGGGGGGGGGGGGGGGGGGGGGGGGGGGGGGGGGGGGGGGGTGGGGGGGGGGGGGGGGGGGGGGGGGGGGGGGGGGGGGGGGGGGGGGGGGGGGGGGGGGGGGGGG,75
GGGGGGGGGGGGGGGGGGGGGGGGGGGGGGGGGGGGGGGGGGGGGGGGGGGGGGGGGGGGGGGGGGGGGGGGGGGTGGGGGGGGGGGGGGGGGGGGGGGGGGGGGGGGGGGGGGGGGGGGGGGGGGGGGGGGGGGGGGGGGGGGGGGGGG,74
GGGGGGGGGGGGGGGGGGGGGGGGGGGGGGGGGGGGGGGGGGGGGGGGGGGGGGGGGGGGGGGGGGGGGGGGGGGGGGGGGGAGGGGGGGGGGGGGGGGGGGGGGGGGGGGGGGGGGGGGGGGGGGGGGGGGGGGGGGGGGGGGGGGGGG,73
AAGCAGTGGTATCAACGCAGAGTACATGGGGCTTTCCGCGCCGATAGCGCTCACGCAAGCATGGTTAACGTCCCTAAAACCCGCCGGACTTTCTGTAAGAAGTGTGGCAAGCACCAACCCCATAAAGTGACACAGTACAAGAAGGGCAAG,73
GGGGGGGGGGGGGGGGGGGGGGGGGGGGGGGGGGGGGGGGGGGGGGGGGGGGGGGGGGGGGGGGGGGGTGGGGGGGGGGGGGGGGGGGGGGGGGGGGGGGGGGGGGGGGGGGGGGGGGGGGGGGGGGGGGGGGGGGGGGGGGGGGGGGGG,73
AAGCAGTGGTATCAACGCAGAGTACATGGGGCACTGCGATAGGAATCATGTCTGGTCGCGGCAAAGGCGGAAAAGGCTTGGGGAAGGGTGGTGCTAAGCGCCATCGTAAGGTGCTCCGGGATAACATCCAGGGCATTACAAAACCGGCTA,72
AAGCAGTGGTATCAACGCAGAGTACATGGGGCTCTCGGCTTTCGGCTCGGAGGAGGCCAAGGTGCAACTTCCTTCGGTCGTCCCGAATCCGGGTTCATCCGACACCAGCCGCCTCCACCATGCCGCCGAAGTTCGACCCCAACGAGATCA,72
GGGGGGGGGGGGGGGGGGGGGGGGGGGGGGGGGGGGGGGGGGGGGGGGGGGGGGGGGGGGGGGGGGGGGGGGGGGGGGGGGGGGGGGGGGGGGGGGGGGGGGGGGGGTGGGGGGGGGGGGGGGGGGGGGGGGGGGGGGGGGGGGGGGGGG,72
GGGGGGGGGGGGGGGGGGGGGGGGGGGGGGGGGGGGGGGGGGGGGGGGGGGGGGGGGGGGGGGGGTGGGGGGGGGGGGGGGGGGGGGGGGGGGGGGGGGGGGGGGGGGGGGGGGGGGGGGGGGGGGGGGGGGGGGGGGGGGGGGGGGGGG,70
GGGGGGGGGGGGGGGGGGGGGGGGGGGGGGGGGGGGGGGGGGGGGGGGGGGGGGGGGGGGGGGGGGGGGGGGGGGGGGGGGGGGGGGGGGGGGGGGGGGGGGGGGGGGTGGGGGGGGGGGGGGGGGGGGGGGGGGGGGGGGGGGGGGGGG,70
GGGGGGGGGGGGGGGGGGGGGGGGGGGGGGGGGGGGGGGGGGGGGGGGGGGGGGGGGGGGGGGGGGGGGGGGGGGGGGTGGGGGGGGGGGGGGGGGGGGGGGGGGGGGGGGGGGGGGGGGGGGGGGGGGGGGGGGGGGGGGGGGGGGGGG,70
AAGCAGTGGTATCAACGCAGAGTACATGGGCTTTCTGGTCTCGGCCGCAGAAGCGAGATGACGAAGGGAACGTCATCGTTTGGAAAGCGTCGCAATAAGACGCACACGTTGTGCCGCCGCTGTGGCTCTAAGGCCTACCACCTTCAGAAG,70
GGGGGGGGGGGGGGGGGAAAAAAAAAAAAAAAAAAAAAAAAAAAAAAAAAAAAAAAAAAAAAAAAAAAAAAAAAAAAAAAAAAAAAAAAAAAAAAAAAAAAAAAAAAAAAAAAAAAAAAAAAAAAAAAAAAAAAAAAAAAAAAAAAAAAA,70
GGGGGGGGGGGGGGGGGGGGGGGGGGGGGGGGGGGGGGGGGGGGGGGGGGGGGGGGGGGGGGGGGGGGGGGGGGGGGGGGGGGGGGGGGGGGGGGGGGGGGGGGGTGGGGGGGGGGGGGGGGGGGGGGGGGGGGGGGGGGGGGGGGGGGG,69
AAGCAGTGGTATCAACGCAGAGTACATGGGCTCTCGGCCTTAGCGCCATTTTTTTGGAAACCTCTGCGCCATGAGAGCCAAGTGGAGGAAGAAGCGAATGCGCAGGCTGAAGCGCAAAAGAAGAAAGATGAGGCAGAGGTCCAAGTAAA,69
GGGGGGGGGGGGGGGGGGGGGGGGGGGGGGGGGGGGGGGGGGGGGGGGGGGGGGGGGGGGGGGGGGGGGGGGGGGGGGGGGGGGGGGGGGGGGGGGGGGGGGGGGGGGGGGGGGGGGGGGGGTGGGGGGGGGGGGGGGGGGGGGGGGGGG,69
AAGCAGTGGTATCAACGCAGAGTACATGGGACCACGCCTCCTCCAAGTCCCAGCGAACCCGCGTGCAACCTGTCCCGACTCTAGCCGCCTCTTCAGCTCGCCATGGATCCCAACTGCTCCTGCGCCGCCGGTGACTCCTGCACCTGCGC,69
AAGCAGTGGTATCAACGCAGAGTACATGGGCTCTCCGCCAGACCGCCGCCGCGCCGCCATCATGGACACCAGCCGTGTGCAGCCTATCAAGCTGGCCAGGGTCACCAAGGTCCTGGGCAGGACCGGTTCTCAGGGACAGTGCACGCAGGT,68
GGGGGGGGGGGGGGGGGGGGGGGGGGGGGGGGGGGGGGGGGGGGGGGGGGGGGGGGGGGGGGGGGGGGGGGTGGGGGGGGGGGGGGGGGGGGGGGGGGGGGGGGGGGGGGGGGGGGGGGGGGGGGGGGGGGGGGGGGGGGGGGGGGGGGG,68
GGGGGGGAAAAAAAAAAAAAAAAAAAAAAAAAAAAAAAAAAAAAAAAAAAAAAAAAAAAAAAAAAAAAAAAAAAAAAAAAAAAAAAAAAAAAAAAAAAAAAAAAAAAAAAAAAAAAAAAAAAAAAAAAAAAAAAAAAAAAAAAAAAAAAA,68
AAGCAGTGGTATCAACGCAGAGTACATGGGGCTCCTCTTCCTTTCTCCGCCATCGTGGTGTGTTCTTGACTCCGCTGCTCGCCATGTCTTCTCACAAGACTTTCAGGATTAAGCGATTCCTGGCCAAGAAACAAAAGCAAAATCGTCCCA,66
GGGGGGGGGGGGGGGGGGGGGGGGGGGGGGGGGGGGGGGGGGGGGGGGGGGGGGGGGGGGGGGGGGGGGGGGGGGGGGGGGGGGGGTGGGGGGGGGGGGGGGGGGGGGGGGGGGGGGGGGGGGGGGGGGGGGGGGGGGGGGGGGGGGGGG,66
AGAAAAAAAAAAAAAAAAAAAAAAAAAAAAAAAAAAAAAAAAAAAAAAAAAAAAAAAAAAAAAAAAAAAAAAAAAAAAAAAAAAAAAAAAAAAAAAAAAAAAAAAAAAAAAAAAAAAAAAAAAAAAAAAAAAAAAAAAAAAAAAAAAAAA,66
AAGCAGTGGTATCAACGCAGAGTACATGGGGCTCTTTCCCTGCCGCCGCCGAGTCGCGCGGAGGCGGAGGCTTGGGTGCGTTCAAGATTCAACTTCACCCGTAACCCACCGCCATGGCCGAGGAAGGCATTGCTGCTGGAGGTGTAATGG,66
GGGGGGGGGGAAAAAAAAAAAAAAAAAAAAAAAAAAAAAAAAAAAAAAAAAAAAAAAAAAAAAAAAAAAAAAAAAAAAAAAAAAAAAAAAAAAAAAAAAAAAAAAAAAAAAAAAAAAAAAAAAAAAAAAAAAAAAAAAAAAAAAAAAAAA,65
GGGGGGGGGGGGGGGGGGGGGGGGGGGGGGGGGGGGGGGGGGGGGGGGGGGGGGGGGGGGGGGGGGGTGGGGGGGGGGGGGGGGGGGGGGGGGGGGGGGGGGGGGGGGGGGGGGGGGGGGGGGGGGGGGGGGGGGGGGGGGGGGGGGGGG,64
GGGGGGGGGGGGGGGGGGGGGGGGGGGGGGGGGGGGGGGGGGGGGGGGGGGGGGGGGGGGGGGGGGGGGGGGGGGGGGGGGGGGGGGGGGGGGGGGGGGGTGGGGGGGGGGGGGGGGGGGGGGGGGGGGGGGGGGGGGGGGGGGGGGGGG,64
GGGGGGGGGGGGGGGGGGGGGGGGGGGGAAAAAAAAAAAAAAAAAAAAAAAAAAAAAAAAAAAAAAAAAAAAAAAAAAAAAAAAAAAAAAAAAAAAAAAAAAAAAAAAAAAAAAAAAAAAAAAAAAAAAAAAAAAAAAAAAAAAAAAAAA,64
GGGGGGGGGGGGGGGGGGGGGGAAAAAAAAAAAAAAAAAAAAAAAAAAAAAAAAAAAAAAAAAAAAAAAAAAAAAAAAAAAAAAAAAAAAAAAAAAAAAAAAAAAAAAAAAAAAAAAAAAAAAAAAAAAAAAAAAAAAAAAAAAAAAAAA,64
GGGGGGGGGGGGGGGGGGGGGGGGGGGGGGGGGGGGGGGGGGGGGGGGGGGGGGGGGGGGGGGGGGGGGGGGGGGGGGGGGGGGGGGGGGGGGGGGGGGGGGGGGGGGGGGGGGGGGGGGGGGGGGGGGGGTGGGGGGGGGGGGGGGGGG,63
AAGCAGTGGTATCAACGCAGAGTACATGGGGCTTCCGCCACGGCCGTCTCTGGAGAGCAGCAGCCATGGCCCTACGCTACCCTATGGCCGTGGGCCTCAACAAGGGCCACAAAGTGACCAAGAACGTGAGCAAGCCCAGGCACAGCCGA,63
GGGGGGGGGGGGGGGGGGGGGGGGAAAAAAAAAAAAAAAAAAAAAAAAAAAAAAAAAAAAAAAAAAAAAAAAAAAAAAAAAAAAAAAAAAAAAAAAAAAAAAAAAAAAAAAAAAAAAAAAAAAAAAAAAAAAAAAAAAAAAAAAAAAAAA,63
GGGGGGGGGGGGGGGGGGGGGGGGGGGGGGGGGGGGGGGGGGGGGGGGGGGGGGGGGGGGGGGGGGGGGGGGGGGGGGGGTGGGGGGGGGGGGGGGGGGGGGGGGGGGGGGGGGGGGGGGGGGGGGGGGGGGGGGGGGGGGGGGGGGGGG,62
GGGGGGGGGGGGGGGGGGGGGGGGGGGGGGGGGGGGGGGGGGGGGGGGGGGGGGGGGGGGGGGGGGGGGGGGGGGGGGGGGGGGGGGGGGGGGGGGGGGGGGGTGGGGGGGGGGGGGGGGGGGGGGGGGGGGGGGGGGGGGGGGGGGGGG,62
AAGCAGTGGTATCAACGCAGAGTACATGGGCTCTTTCCGTCTCAGGTCGCCGCTGCGAAGGGAGCCGCCGCCATGTCTGCGCATCTGCAATGGATGGTCGTGCGGAACTGCTCCAGTTTCCTGATCAAGAGGAATAAGCAGACCTACAG,62
GGGGGGGGGGGGGGGGGGGGGGGGGGGGGGGGGGGGGGGGGGGGGGGGGGGGGGGGGGGGGGGGGGGGGGGGGGAGGGGGGGGGGGGGGGGGGGGGGGGGGGGGGGGGGGGGGGGGGGGGGGGGGGGGGGGGGGGGGGGGGGGGGGGGGG,62
AAGCAGTGGTATCAACGCAGAGTACATGGGCTTTCCGGCGGTGACGACCTACGCACACGAGAACATGCCTCTCGCAAAGGATCTCCTTCATCCCTCTCCAGAAGAGGAGAAGAGGAAACACAAGAAGAAACGCCTGGTGCAGAGCCCCAA,62
GGGGGGGGGGGGGGGGGGGGGGGGGGGGGGGGGGGGGGGGGGGGGGGGGGGGGGGGGGGGGGGGGGGGGGGGGGGGGGGGGGGGGGGGGGGGGGGGGGGGGGGGTGGGGGGGGGGGGGGGGGGGGGGGGGGGGGGGGGGGGGGGGGGGGG,61
GGGGGGGGGGGGGGGGGGGGGGGGGGGGGGGGGGGGGGGGGGGGGGGGGGGGGGGGGGGGGGGGGGGGGGGGGGGGGGGGGGGGGGGGGGGGGGGGGGGGGGGGGGGGGGGGGGGGGGGGTGGGGGGGGGGGGGGGGGGGGGGGGGGGGG,61
GGGGGGGGGGGGGGGGGGGGGGGGGGGGGGGGGGGGGGGGGGGGGGGGGGGGGGGGGGGGGGGGGGGGGGGGGGGGGGGGGGGGGGGGGGGGGGGGGGGGGTGGGGGGGGGGGGGGGGGGGGGGGGGGGGGGGGGGGGGGGGGGGGGGGG,60
GGTTTAAAAAAAAAAAAAAAAAAAAAAAAAAAAAAAAAAAAAAAAAAAAAAAAAAAAAAAAAAAAAAAAAAAAAAAAAAAAAAAAAAAAAAAAAAAAAAAAAAAAAAAAAAAAAAAAAAAAAAAAAAAAAAAAAAAAAAAAAAAAAAAAA,60
